{"cameraMode":{"drawMode":0,"name":"Shaded","section":"Shading Mode"},"sceneLighting":true,"audioPlay":false,"sceneViewState":{"showFog":true,"showMaterialUpdate":false,"showSkybox":true,"showFlares":true,"showImageEffects":true,"showParticleSystems":true},"in2DMode":false,"pivot":{"x":-0.397710919380188,"y":0.18628355860710145,"z":-0.024347174912691118},"rotation":{"x":-0.22622665762901307,"y":-0.029789026826620103,"z":0.006921984720975161,"w":-0.9735944867134094},"size":0.48029470443725588,"orthographic":false}