{"cameraMode":{"drawMode":0,"name":"Shaded","section":"Shading Mode"},"sceneLighting":true,"audioPlay":false,"sceneViewState":{"showFog":true,"showMaterialUpdate":false,"showSkybox":true,"showFlares":true,"showImageEffects":true,"showParticleSystems":true},"in2DMode":false,"pivot":{"x":-0.5699999928474426,"y":0.12909550964832307,"z":0.0},"rotation":{"x":-0.1318119913339615,"y":0.04103904962539673,"z":-0.005461703520268202,"w":-0.990409791469574},"size":0.8158408999443054,"orthographic":false}