{"cameraMode":{"drawMode":0,"name":"Shaded","section":"Shading Mode"},"sceneLighting":false,"audioPlay":false,"sceneViewState":{"showFog":true,"showMaterialUpdate":false,"showSkybox":false,"showFlares":true,"showImageEffects":true,"showParticleSystems":true},"in2DMode":false,"pivot":{"x":-3.2834341526031496,"y":3.8027429580688478,"z":-1.9298715591430665},"rotation":{"x":-0.18136025965213777,"y":0.017972804605960847,"z":-0.0033449369948357345,"w":-0.9832468628883362},"size":5.241325378417969,"orthographic":false}