{"cameraMode":{"drawMode":0,"name":"Shaded","section":"Shading Mode"},"sceneLighting":false,"audioPlay":false,"sceneViewState":{"showFog":true,"showMaterialUpdate":false,"showSkybox":false,"showFlares":true,"showImageEffects":true,"showParticleSystems":true},"in2DMode":false,"pivot":{"x":0.2433009147644043,"y":-0.39130401611328127,"z":7.3071136474609379},"rotation":{"x":-0.30055832862854006,"y":0.13305215537548066,"z":-0.04238913208246231,"w":-0.9434855580329895},"size":33.36231231689453,"orthographic":false}