{"cameraMode":{"drawMode":0,"name":"Shaded","section":"Shading Mode"},"sceneLighting":false,"audioPlay":false,"sceneViewState":{"showFog":true,"showMaterialUpdate":false,"showSkybox":false,"showFlares":true,"showImageEffects":true,"showParticleSystems":true},"in2DMode":false,"pivot":{"x":0.00007826089859008789,"y":0.7808301448822022,"z":-0.004847466945648193},"rotation":{"x":0.05831287056207657,"y":-0.7871347069740295,"z":0.07531853020191193,"w":0.6093814373016357},"size":3.706373453140259,"orthographic":false}