{"cameraMode":{"drawMode":0,"name":"Shaded","section":"Shading Mode"},"sceneLighting":false,"audioPlay":false,"sceneViewState":{"showFog":true,"showMaterialUpdate":false,"showSkybox":false,"showFlares":true,"showImageEffects":true,"showParticleSystems":true},"in2DMode":false,"pivot":{"x":573.4854125976563,"y":267.4841003417969,"z":4.656612873077393e-10},"rotation":{"x":0.0005351041909307241,"y":-0.9944471120834351,"z":0.10511363297700882,"w":0.005079171154648066},"size":2088.36474609375,"orthographic":false}