{"cameraMode":{"drawMode":0,"name":"Shaded","section":"Shading Mode"},"sceneLighting":false,"audioPlay":false,"sceneViewState":{"showFog":true,"showMaterialUpdate":false,"showSkybox":false,"showFlares":true,"showImageEffects":true,"showParticleSystems":true},"in2DMode":false,"pivot":{"x":2.9578857421875,"y":-0.32308197021484377,"z":-84.1558837890625},"rotation":{"x":-0.0933438241481781,"y":0.26173684000968935,"z":-0.025434331968426706,"w":-0.9602780342102051},"size":10.400238990783692,"orthographic":false}