{"cameraMode":{"drawMode":0,"name":"Shaded","section":"Shading Mode"},"sceneLighting":false,"audioPlay":false,"sceneViewState":{"showFog":true,"showMaterialUpdate":false,"showSkybox":false,"showFlares":true,"showImageEffects":true,"showParticleSystems":true},"in2DMode":false,"pivot":{"x":2.097498893737793,"y":0.2612953186035156,"z":-2.212921142578125},"rotation":{"x":0.0902249738574028,"y":0.8457825779914856,"z":-0.15155856311321259,"w":0.5035287737846375},"size":19.46500587463379,"orthographic":false}