{"cameraMode":{"drawMode":0,"name":"Shaded","section":"Shading Mode"},"sceneLighting":true,"audioPlay":false,"sceneViewState":{"showFog":true,"showMaterialUpdate":false,"showSkybox":true,"showFlares":true,"showImageEffects":true,"showParticleSystems":true},"in2DMode":false,"pivot":{"x":-0.7608968019485474,"y":-0.05842102691531181,"z":-0.17023742198944093},"rotation":{"x":-0.10024520009756088,"y":0.7286289930343628,"z":-0.10923460125923157,"w":-0.6686692833900452},"size":2.8514435291290285,"orthographic":false}