{"cameraMode":{"drawMode":0,"name":"Shaded","section":"Shading Mode"},"sceneLighting":true,"audioPlay":false,"sceneViewState":{"showFog":true,"showMaterialUpdate":false,"showSkybox":true,"showFlares":true,"showImageEffects":true,"showParticleSystems":true},"in2DMode":false,"pivot":{"x":-0.08030712604522705,"y":0.21638944745063783,"z":-0.5593104362487793},"rotation":{"x":-0.0027524300385266544,"y":-0.9527793526649475,"z":0.008891983889043332,"w":-0.3035207688808441},"size":3.1942803859710695,"orthographic":false}