{"cameraMode":{"drawMode":0,"name":"Shaded","section":"Shading Mode"},"sceneLighting":true,"audioPlay":false,"sceneViewState":{"showFog":true,"showMaterialUpdate":false,"showSkybox":true,"showFlares":true,"showImageEffects":true,"showParticleSystems":true},"in2DMode":false,"pivot":{"x":-0.5021315813064575,"y":0.08955717086791992,"z":0.07666874676942826},"rotation":{"x":0.02376464195549488,"y":0.7957795262336731,"z":-0.031300242990255359,"w":0.6043100357055664},"size":0.3466251492500305,"orthographic":false}