{"cameraMode":{"drawMode":0,"name":"Shaded","section":"Shading Mode"},"sceneLighting":false,"audioPlay":false,"sceneViewState":{"showFog":true,"showMaterialUpdate":false,"showSkybox":false,"showFlares":true,"showImageEffects":true,"showParticleSystems":true},"in2DMode":false,"pivot":{"x":-0.10394287109375,"y":-0.8634791374206543,"z":6.899998188018799},"rotation":{"x":-0.18348634243011475,"y":0.4875607490539551,"z":-0.10558158904314041,"w":-0.8470358848571777},"size":79.92069244384766,"orthographic":false}