{"cameraMode":{"drawMode":0,"name":"Shaded","section":"Shading Mode"},"sceneLighting":false,"audioPlay":false,"sceneViewState":{"showFog":true,"showMaterialUpdate":false,"showSkybox":false,"showFlares":true,"showImageEffects":true,"showParticleSystems":true},"in2DMode":false,"pivot":{"x":-2.123851776123047,"y":-0.2349262237548828,"z":1.5802574157714844},"rotation":{"x":0.004896407946944237,"y":0.9528747200965881,"z":-0.3029330372810364,"w":0.015411018393933773},"size":33.065574645996097,"orthographic":false}