{"cameraMode":{"drawMode":0,"name":"Shaded","section":"Shading Mode"},"sceneLighting":false,"audioPlay":false,"sceneViewState":{"showFog":true,"showMaterialUpdate":false,"showSkybox":false,"showFlares":true,"showImageEffects":true,"showParticleSystems":true},"in2DMode":false,"pivot":{"x":0.0000019073486328125,"y":0.0,"z":7.246474742889404},"rotation":{"x":-0.1560925543308258,"y":0.04502290114760399,"z":-0.007126282900571823,"w":-0.986690104007721},"size":78.9437026977539,"orthographic":false}