{"cameraMode":{"drawMode":0,"name":"Shaded","section":"Shading Mode"},"sceneLighting":true,"audioPlay":false,"sceneViewState":{"showFog":true,"showMaterialUpdate":false,"showSkybox":true,"showFlares":true,"showImageEffects":true,"showParticleSystems":true},"in2DMode":false,"pivot":{"x":-6.264035224914551,"y":-5.268592357635498,"z":11.34550666809082},"rotation":{"x":-0.18348634243011475,"y":0.4875607490539551,"z":-0.10558158904314041,"w":-0.8470358848571777},"size":35.028743743896487,"orthographic":false}