{"cameraMode":{"drawMode":0,"name":"Shaded","section":"Shading Mode"},"sceneLighting":false,"audioPlay":false,"sceneViewState":{"showFog":true,"showMaterialUpdate":false,"showSkybox":false,"showFlares":true,"showImageEffects":true,"showParticleSystems":true},"in2DMode":false,"pivot":{"x":10.987009048461914,"y":-0.8048667907714844,"z":-5.803878307342529},"rotation":{"x":-0.14042474329471589,"y":-0.7873143553733826,"z":0.19466885924339295,"w":-0.5679094791412354},"size":37.981998443603519,"orthographic":false}