{"cameraMode":{"drawMode":0,"name":"Shaded","section":"Shading Mode"},"sceneLighting":false,"audioPlay":false,"sceneViewState":{"showFog":true,"showMaterialUpdate":false,"showSkybox":false,"showFlares":true,"showImageEffects":true,"showParticleSystems":true},"in2DMode":false,"pivot":{"x":0.1120029091835022,"y":1.3980739116668702,"z":1.1532565355300904},"rotation":{"x":-0.0014048123266547919,"y":-0.9982268810272217,"z":0.05335430055856705,"w":-0.026354175060987474},"size":5.671444892883301,"orthographic":false}