{"cameraMode":{"drawMode":0,"name":"Shaded","section":"Shading Mode"},"sceneLighting":false,"audioPlay":false,"sceneViewState":{"showFog":true,"showMaterialUpdate":false,"showSkybox":false,"showFlares":true,"showImageEffects":true,"showParticleSystems":true},"in2DMode":false,"pivot":{"x":0.13521957397460938,"y":3.010385513305664,"z":-0.2311878204345703},"rotation":{"x":-0.0933438241481781,"y":0.26173684000968935,"z":-0.025434331968426706,"w":-0.9602780342102051},"size":8.69204044342041,"orthographic":false}