{"cameraMode":{"drawMode":0,"name":"Shaded","section":"Shading Mode"},"sceneLighting":false,"audioPlay":false,"sceneViewState":{"showFog":true,"showMaterialUpdate":false,"showSkybox":false,"showFlares":true,"showImageEffects":true,"showParticleSystems":true},"in2DMode":false,"pivot":{"x":-2.2345690727233888,"y":0.9412338733673096,"z":2.0323126316070558},"rotation":{"x":-0.20760603249073029,"y":-0.5236849188804627,"z":0.1333337426185608,"w":-0.8153992295265198},"size":0.3503546118736267,"orthographic":false}