{"cameraMode":{"drawMode":0,"name":"Shaded","section":"Shading Mode"},"sceneLighting":false,"audioPlay":false,"sceneViewState":{"showFog":true,"showMaterialUpdate":false,"showSkybox":false,"showFlares":true,"showImageEffects":true,"showParticleSystems":true},"in2DMode":false,"pivot":{"x":8.378389358520508,"y":-3.6706247329711916,"z":3.8322439193725588},"rotation":{"x":-0.16596609354019166,"y":-0.5224495530128479,"z":0.10448765009641648,"w":-0.8298096656799316},"size":20.497802734375,"orthographic":false}