{"cameraMode":{"drawMode":0,"name":"Shaded","section":"Shading Mode"},"sceneLighting":false,"audioPlay":false,"sceneViewState":{"showFog":true,"showMaterialUpdate":false,"showSkybox":false,"showFlares":true,"showImageEffects":true,"showParticleSystems":true},"in2DMode":false,"pivot":{"x":-0.0817084014415741,"y":0.5015400648117065,"z":-0.2706906795501709},"rotation":{"x":-0.009225809946656227,"y":-0.976841390132904,"z":0.04281299188733101,"w":-0.20943470299243928},"size":2.767367362976074,"orthographic":false}