{"cameraMode":{"drawMode":0,"name":"Shaded","section":"Shading Mode"},"sceneLighting":false,"audioPlay":false,"sceneViewState":{"showFog":true,"showMaterialUpdate":false,"showSkybox":false,"showFlares":true,"showImageEffects":true,"showParticleSystems":true},"in2DMode":false,"pivot":{"x":-0.18413162231445313,"y":-0.9250917434692383,"z":-6.26231050491333},"rotation":{"x":-0.0050036367028951649,"y":0.991419792175293,"z":-0.12438564747571945,"w":-0.03987525403499603},"size":12.93897533416748,"orthographic":false}