{"cameraMode":{"drawMode":0,"name":"Shaded","section":"Shading Mode"},"sceneLighting":false,"audioPlay":false,"sceneViewState":{"showFog":true,"showMaterialUpdate":false,"showSkybox":false,"showFlares":true,"showImageEffects":true,"showParticleSystems":true},"in2DMode":false,"pivot":{"x":0.0000019073486328125,"y":0.0,"z":-0.00000286102294921875},"rotation":{"x":-0.07809978723526001,"y":-0.91935133934021,"z":0.3059998154640198,"w":-0.23464398086071015},"size":34.402278900146487,"orthographic":false}