{"cameraMode":{"drawMode":0,"name":"Shaded","section":"Shading Mode"},"sceneLighting":false,"audioPlay":false,"sceneViewState":{"showFog":true,"showMaterialUpdate":false,"showSkybox":false,"showFlares":true,"showImageEffects":true,"showParticleSystems":true},"in2DMode":false,"pivot":{"x":0.0000019073486328125,"y":-1.609999656677246,"z":6.899998188018799},"rotation":{"x":-0.22369542717933656,"y":0.2989117205142975,"z":-0.07229749858379364,"w":-0.9248703718185425},"size":26.5490665435791,"orthographic":false}