{"cameraMode":{"drawMode":0,"name":"Shaded","section":"Shading Mode"},"sceneLighting":false,"audioPlay":false,"sceneViewState":{"showFog":true,"showMaterialUpdate":false,"showSkybox":false,"showFlares":true,"showImageEffects":true,"showParticleSystems":true},"in2DMode":false,"pivot":{"x":-0.21184954047203065,"y":1.4220924377441407,"z":0.17238390445709229},"rotation":{"x":-0.1163615956902504,"y":0.5312201976776123,"z":-0.07394496351480484,"w":-0.8359408974647522},"size":6.758570194244385,"orthographic":false}