{"cameraMode":{"drawMode":0,"name":"Shaded","section":"Shading Mode"},"sceneLighting":false,"audioPlay":false,"sceneViewState":{"showFog":true,"showMaterialUpdate":false,"showSkybox":false,"showFlares":true,"showImageEffects":true,"showParticleSystems":true},"in2DMode":false,"pivot":{"x":0.0000019073486328125,"y":-1.609999656677246,"z":6.899998188018799},"rotation":{"x":-0.20676596462726594,"y":0.33866798877716067,"z":-0.07655453681945801,"w":-0.9147082567214966},"size":23.644367218017579,"orthographic":false}