{"cameraMode":{"drawMode":0,"name":"Shaded","section":"Shading Mode"},"sceneLighting":false,"audioPlay":false,"sceneViewState":{"showFog":true,"showMaterialUpdate":false,"showSkybox":false,"showFlares":true,"showImageEffects":true,"showParticleSystems":true},"in2DMode":false,"pivot":{"x":0.0000019073486328125,"y":-1.609999656677246,"z":6.899998188018799},"rotation":{"x":-0.1363196223974228,"y":0.3888428211212158,"z":-0.05829451233148575,"w":-0.9092963933944702},"size":17.354860305786134,"orthographic":false}