{"cameraMode":{"drawMode":0,"name":"Shaded","section":"Shading Mode"},"sceneLighting":false,"audioPlay":false,"sceneViewState":{"showFog":true,"showMaterialUpdate":false,"showSkybox":false,"showFlares":true,"showImageEffects":true,"showParticleSystems":true},"in2DMode":false,"pivot":{"x":0.0000019073486328125,"y":0.0,"z":-0.00000286102294921875},"rotation":{"x":-0.04532494395971298,"y":-0.9452484250068665,"z":0.2865159809589386,"w":-0.14953161776065827},"size":31.220834732055665,"orthographic":false}