{"cameraMode":{"drawMode":0,"name":"Shaded","section":"Shading Mode"},"sceneLighting":false,"audioPlay":false,"sceneViewState":{"showFog":true,"showMaterialUpdate":false,"showSkybox":false,"showFlares":true,"showImageEffects":true,"showParticleSystems":true},"in2DMode":false,"pivot":{"x":-0.7218843698501587,"y":0.32677555084228518,"z":2.527841567993164},"rotation":{"x":-0.02888132631778717,"y":-0.9556007981300354,"z":0.2756240963935852,"w":-0.1001213788986206},"size":26.305818557739259,"orthographic":false}