{"cameraMode":{"drawMode":0,"name":"Shaded","section":"Shading Mode"},"sceneLighting":false,"audioPlay":false,"sceneViewState":{"showFog":true,"showMaterialUpdate":false,"showSkybox":false,"showFlares":true,"showImageEffects":true,"showParticleSystems":true},"in2DMode":false,"pivot":{"x":0.24419516324996949,"y":-0.5988316535949707,"z":-6.993017196655273},"rotation":{"x":0.010117492638528347,"y":0.9860996603965759,"z":-0.15237465500831605,"w":0.0654754489660263},"size":14.385971069335938,"orthographic":false}