{"cameraMode":{"drawMode":0,"name":"Shaded","section":"Shading Mode"},"sceneLighting":true,"audioPlay":false,"sceneViewState":{"showFog":true,"showMaterialUpdate":false,"showSkybox":true,"showFlares":true,"showImageEffects":true,"showParticleSystems":true},"in2DMode":false,"pivot":{"x":-0.014998629689216614,"y":-0.01620756834745407,"z":-0.008874928578734398},"rotation":{"x":-0.0677574947476387,"y":0.003589211031794548,"z":-0.00024372544430661947,"w":-0.9976953268051148},"size":0.7171334624290466,"orthographic":false}