{"cameraMode":{"drawMode":0,"name":"Shaded","section":"Shading Mode"},"sceneLighting":false,"audioPlay":false,"sceneViewState":{"showFog":true,"showMaterialUpdate":false,"showSkybox":false,"showFlares":true,"showImageEffects":true,"showParticleSystems":true},"in2DMode":false,"pivot":{"x":-1.481723666191101,"y":3.823878526687622,"z":0.09184885025024414},"rotation":{"x":0.0016664096619933844,"y":-0.9981909394264221,"z":0.033261850476264957,"w":0.05005687102675438},"size":10.962759017944336,"orthographic":false}