{"cameraMode":{"drawMode":0,"name":"Shaded","section":"Shading Mode"},"sceneLighting":false,"audioPlay":false,"sceneViewState":{"showFog":true,"showMaterialUpdate":false,"showSkybox":false,"showFlares":true,"showImageEffects":true,"showParticleSystems":true},"in2DMode":false,"pivot":{"x":1.4432681798934937,"y":-0.16326160728931428,"z":7.32056188583374},"rotation":{"x":-0.07929600030183792,"y":0.21565939486026765,"z":-0.017573393881320955,"w":-0.9730850458145142},"size":7.399569034576416,"orthographic":false}