{"cameraMode":{"drawMode":0,"name":"Shaded","section":"Shading Mode"},"sceneLighting":false,"audioPlay":false,"sceneViewState":{"showFog":true,"showMaterialUpdate":false,"showSkybox":false,"showFlares":true,"showImageEffects":true,"showParticleSystems":true},"in2DMode":false,"pivot":{"x":554.140625,"y":311.51226806640627,"z":-0.03146791458129883},"rotation":{"x":-0.08420189470052719,"y":-0.8752950429916382,"z":0.16498970985412599,"w":-0.44670677185058596},"size":2101.46630859375,"orthographic":false}