{"cameraMode":{"drawMode":0,"name":"Shaded","section":"Shading Mode"},"sceneLighting":true,"audioPlay":false,"sceneViewState":{"showFog":true,"showMaterialUpdate":false,"showSkybox":true,"showFlares":true,"showImageEffects":true,"showParticleSystems":true},"in2DMode":false,"pivot":{"x":-0.5090182423591614,"y":0.16527152061462403,"z":0.003386855125427246},"rotation":{"x":-0.043549951165914538,"y":-0.10560385882854462,"z":0.00463142292574048,"w":-0.9934433698654175},"size":1.4633409976959229,"orthographic":false}