{"cameraMode":{"drawMode":0,"name":"Shaded","section":"Shading Mode"},"sceneLighting":true,"audioPlay":false,"sceneViewState":{"showFog":true,"showMaterialUpdate":false,"showSkybox":true,"showFlares":true,"showImageEffects":true,"showParticleSystems":true},"in2DMode":false,"pivot":{"x":-0.2874961197376251,"y":0.09335237741470337,"z":0.04467439651489258},"rotation":{"x":-0.09317430108785629,"y":-0.0008985569584183395,"z":0.00008522925054421648,"w":-0.9956494569778442},"size":0.9368671774864197,"orthographic":false}