{"cameraMode":{"drawMode":0,"name":"Shaded","section":"Shading Mode"},"sceneLighting":false,"audioPlay":false,"sceneViewState":{"showFog":true,"showMaterialUpdate":false,"showSkybox":false,"showFlares":true,"showImageEffects":true,"showParticleSystems":true},"in2DMode":false,"pivot":{"x":0.0000019073486328125,"y":-1.609999656677246,"z":6.899998188018799},"rotation":{"x":0.18180254101753236,"y":0.6462434530258179,"z":-0.1624787598848343,"w":0.7231307029724121},"size":6.091336727142334,"orthographic":false}