{"cameraMode":{"drawMode":0,"name":"Shaded","section":"Shading Mode"},"sceneLighting":false,"audioPlay":false,"sceneViewState":{"showFog":true,"showMaterialUpdate":false,"showSkybox":false,"showFlares":true,"showImageEffects":true,"showParticleSystems":true},"in2DMode":false,"pivot":{"x":554.4854125976563,"y":311.9841003417969,"z":4.656612873077393e-10},"rotation":{"x":-0.08420189470052719,"y":-0.8752950429916382,"z":0.16498970985412599,"w":-0.44670677185058596},"size":2099.693115234375,"orthographic":false}