{"cameraMode":{"drawMode":0,"name":"Shaded","section":"Shading Mode"},"sceneLighting":false,"audioPlay":false,"sceneViewState":{"showFog":true,"showMaterialUpdate":false,"showSkybox":false,"showFlares":true,"showImageEffects":true,"showParticleSystems":true},"in2DMode":false,"pivot":{"x":4.744937419891357,"y":-3.114527940750122,"z":4.239997863769531},"rotation":{"x":0.19715489447116853,"y":0.28105711936950686,"z":-0.05911984667181969,"w":0.9373589158058167},"size":20.03430938720703,"orthographic":false}