{"cameraMode":{"drawMode":0,"name":"Shaded","section":"Shading Mode"},"sceneLighting":false,"audioPlay":false,"sceneViewState":{"showFog":true,"showMaterialUpdate":false,"showSkybox":false,"showFlares":true,"showImageEffects":true,"showParticleSystems":true},"in2DMode":false,"pivot":{"x":-23.8939266204834,"y":-124.217041015625,"z":-203.8888702392578},"rotation":{"x":-0.013971339911222458,"y":0.9600109457969666,"z":-0.2753376364707947,"w":-0.04871329665184021},"size":244.5998077392578,"orthographic":false}