{"cameraMode":{"drawMode":0,"name":"Shaded","section":"Shading Mode"},"sceneLighting":false,"audioPlay":false,"sceneViewState":{"showFog":true,"showMaterialUpdate":false,"showSkybox":false,"showFlares":true,"showImageEffects":true,"showParticleSystems":true},"in2DMode":false,"pivot":{"x":4.744937419891357,"y":-3.114527940750122,"z":4.239997863769531},"rotation":{"x":0.18180254101753236,"y":0.6462434530258179,"z":-0.1624787598848343,"w":0.7231307029724121},"size":12.759576797485352,"orthographic":false}