{"cameraMode":{"drawMode":0,"name":"Shaded","section":"Shading Mode"},"sceneLighting":false,"audioPlay":false,"sceneViewState":{"showFog":true,"showMaterialUpdate":false,"showSkybox":false,"showFlares":true,"showImageEffects":true,"showParticleSystems":true},"in2DMode":false,"pivot":{"x":6.868292808532715,"y":-0.4339604377746582,"z":-2.999542713165283},"rotation":{"x":-0.04986809939146042,"y":-0.8298230767250061,"z":0.07514609396457672,"w":-0.5506904125213623},"size":10.034964561462403,"orthographic":false}