{"cameraMode":{"drawMode":0,"name":"Shaded","section":"Shading Mode"},"sceneLighting":false,"audioPlay":false,"sceneViewState":{"showFog":true,"showMaterialUpdate":false,"showSkybox":false,"showFlares":true,"showImageEffects":true,"showParticleSystems":true},"in2DMode":false,"pivot":{"x":0.0000019073486328125,"y":0.0,"z":-0.00000286102294921875},"rotation":{"x":-0.038480840623378757,"y":-0.9582886695861816,"z":0.2363477349281311,"w":-0.1560184508562088},"size":4.432776927947998,"orthographic":false}