{"cameraMode":{"drawMode":0,"name":"Shaded","section":"Shading Mode"},"sceneLighting":true,"audioPlay":false,"sceneViewState":{"showFog":true,"showMaterialUpdate":false,"showSkybox":true,"showFlares":true,"showImageEffects":true,"showParticleSystems":true},"in2DMode":false,"pivot":{"x":-0.36149120330810549,"y":0.056404247879981998,"z":-0.05094766616821289},"rotation":{"x":-0.4221729338169098,"y":-0.1372683346271515,"z":0.06484504044055939,"w":-0.8937127590179443},"size":2.9633407592773439,"orthographic":false}