{"cameraMode":{"drawMode":0,"name":"Shaded","section":"Shading Mode"},"sceneLighting":false,"audioPlay":false,"sceneViewState":{"showFog":true,"showMaterialUpdate":false,"showSkybox":false,"showFlares":true,"showImageEffects":true,"showParticleSystems":true},"in2DMode":false,"pivot":{"x":0.005730334669351578,"y":0.023794658482074739,"z":0.008158877491950989},"rotation":{"x":-0.006496385205537081,"y":-0.98550945520401,"z":0.03875892981886864,"w":-0.16500529646873475},"size":0.09205639362335205,"orthographic":false}