{"cameraMode":{"drawMode":0,"name":"Shaded","section":"Shading Mode"},"sceneLighting":false,"audioPlay":false,"sceneViewState":{"showFog":true,"showMaterialUpdate":false,"showSkybox":false,"showFlares":true,"showImageEffects":true,"showParticleSystems":true},"in2DMode":false,"pivot":{"x":3.725290298461914e-9,"y":0.02397427335381508,"z":-0.036961860954761508},"rotation":{"x":0.0076791527681052689,"y":0.9917373061180115,"z":-0.07183756679296494,"w":0.10600706189870835},"size":0.0734679251909256,"orthographic":false}