{"cameraMode":{"drawMode":0,"name":"Shaded","section":"Shading Mode"},"sceneLighting":false,"audioPlay":false,"sceneViewState":{"showFog":true,"showMaterialUpdate":false,"showSkybox":false,"showFlares":true,"showImageEffects":true,"showParticleSystems":true},"in2DMode":false,"pivot":{"x":-2.304945707321167,"y":0.8901253342628479,"z":2.1192708015441896},"rotation":{"x":-0.20760603249073029,"y":-0.5236849188804627,"z":0.1333337426185608,"w":-0.8153992295265198},"size":0.3503546118736267,"orthographic":false}